Id,Biais,Arithmancy,Herbology,Defense Against the Dark Arts,Divination,Muggle Studies,Ancient Runes,History of Magic,Transfiguration,Potions,Care of Magical Creatures,Charms,Flying
1,-4.470414281347615,0.6482101350307272,-0.7987269545810572,0.3746620403873086,1.7338660536058952,-0.9042332711567957,1.8105094082319773,2.2856834385427907,0.15605894028128703,-1.1478553118849533,-0.0034605714816825007,0.7967269066489204,5.7832079893370745
2,2.4435540268490703,0.8948002985927761,-3.7251334727261702,-1.485065805561485,2.368627313782549,-3.7691013596598415,-0.5655156277761271,-2.1002639572021558,0.9808824834564407,2.8866327234126428,1.4352288131452386,-0.2905628133028234,-2.6447690445543883
3,1.467477441999698,-2.1357083506682843,2.232255928331771,-1.7674493279910186,-0.4359539243935051,3.916085694271417,1.864290657063143,3.496946731096734,-2.784409051017225,-3.562338221392816,0.4443486057281433,-0.16761540730949517,-2.6380156307617977
4,0.5593828124988018,0.5926979170447672,2.29160449897545,2.877853093165153,-3.6665394429949405,0.7572489365452684,-3.109284437518925,-3.682366212437348,1.647467627279502,1.8235608098650238,-1.8761168473916903,-0.33854868603661625,-0.5004233140209218
