Id,Biais,Arithmancy,Herbology,Defense Against the Dark Arts,Divination,Muggle Studies,Ancient Runes,History of Magic,Transfiguration,Potions,Care of Magical Creatures,Charms,Flying
1,-2.367227202739692,-0.5843716153943304,-2.3513328761349666,0.9424096067509649,1.4048275513233677,0.11244186947218453,2.48333586449522,2.150000488398425,-0.06049666672295727,-0.5304176259271328,-0.48985137911632237,-0.22641804222521764,3.4705622691226936
2,1.3379537055111994,0.5664975680337475,-2.1802413117800343,-1.8609998429401604,2.7416142635379708,-3.322153878782609,-0.8231286528127799,-1.7387624026577881,1.142844723227109,1.6446733489084069,1.8708649912377957,0.12738572619938693,-1.6911055966206368
3,1.3834498546610765,-0.2821911732395292,2.1121525538494397,-1.7466515124521946,-0.8007000645513214,2.224911772196871,0.3715675346399916,3.151736216009307,-2.5059125526896393,-2.8744423254876024,-0.15729315679125588,0.31906484105799626,-1.4025871459594155
4,-0.3541763574325746,0.3000652206001139,2.4194216340655372,2.6652417486414204,-3.3457417503100544,0.9848002371135766,-2.031774746322437,-3.562974301749946,1.4235644961855045,1.7601866025063324,-1.2237204553302214,-0.22003252503216392,-0.37686952654263356
